country,suicide_rate,total_litres_of_pure_alcohol,gdi,hdi,schooling_years,gni,poverty_index,satisfaction_index,unemployment_rate,access_to_family_planning,gii,maternal_mortality,adolescent_birth,labor_participation,human_development,num_mental_hospitals,basic_sanitation_percentage,preprimary,primary,secondary,youth_unempl,total_unempl,life_expectancy_50,sunshine_hours
Afghanistan,3.1,0.0,0.609,0.348,8.3,511.0,0.293,3.982854605,8.600000381000001,47.0,0.667,396,74.0,19.1,0.479,0.0,39.0,66.0,92.0,40.0,1.01,1.5,24.0,3085.0
Albania,2.4,4.9,0.959,0.747,14.4,7365.0,0.156609375,4.6066508289999994,17.10000038,12.9,0.267,29,21.7,40.3,0.764,0.06,98.0,87.0,111.0,93.0,0.93,0.84,32.5,2456.8
Algeria,1.3,0.7,0.854,0.665,14.6,4022.0,0.156609375,4.778841456278482,11.19999981,77.2,0.429,140,10.6,16.8,0.745,0.04,87.0,79.0,115.0,102.0,1.15,1.95,31.1,2847.0
Angola,14.3,5.9,0.854,0.665,8.7,5073.0,0.156609375,4.778841456278482,6.1999998089999995,24.2,0.672,477,164.3,59.9,0.5329999999999999,0.01,39.0,94.0,100.0,23.0,1.08,1.21,23.5,2341.0
Argentina,4.8,8.3,0.982,0.813,18.4,12875.0,0.156609375,6.69713068,7.1999998089999995,86.0,0.362,52,63.8,48.4,0.8270000000000001,0.13,95.0,72.0,110.0,110.0,1.13,1.46,32.6,2638.7
Armenia,1.8,3.8,0.993,0.736,13.8,5535.0,0.156609375,4.34831953,18.29999924,40.2,0.293,25,23.0,54.9,0.743,0.32,92.0,60.0,105.0,102.0,1.15,1.26,30.8,2457.5
Australia,5.6,10.4,0.978,0.927,20.9,34271.0,0.001,7.309060574,6.099999905,72.0,0.12,6,14.1,58.6,0.9390000000000001,0.07,100.0,108.0,106.0,134.0,0.94,0.99,35.7,2643.2
Austria,5.3,9.7,0.957,0.87,16.2,29829.0,0.001,7.07644701,5.6999998089999995,96.0,0.078,4,7.1,54.7,0.893,0.08,100.0,101.0,102.0,97.0,0.96,0.89,34.7,1884.0
Azerbaijan,1.1,1.3,0.94,0.732,12.6,11029.0,0.156609375,5.146774768999999,5.0,40.2,0.326,25,59.8,61.9,0.759,0.12,89.0,24.0,105.0,102.0,1.11,1.39,28.5,2207.4
Bahamas,0.4,6.3,0.997,0.783,13.2,18070.0,0.156609375,4.778841456278482,12.0,88.4,0.362,80,29.6,69.4,0.792,0.12,92.0,99.0,109.0,95.0,1.16,1.08,32.2,2878.4
Bahrain,2.9,2.0,0.97,0.806,15.1,25717.0,0.156609375,6.00737524,1.100000024,69.0,0.233,15,13.5,39.2,0.8240000000000001,0.12,100.0,55.0,108.0,94.0,2.01,8.28,29.0,3353.6
Bangladesh,6.6,0.0,0.927,0.556,10.4,2379.0,0.188,4.633473873,4.1999998089999995,72.5,0.52,176,83.0,43.1,0.579,0.0,47.0,32.0,115.0,61.0,1.03,1.15,27.6,2066.0
Barbados,0.1,6.3,1.006,0.795,16.7,11801.0,0.004,4.778841456278482,11.39999962,70.0,0.291,27,40.7,62.4,0.795,0.39,96.0,86.0,94.0,111.0,1.09,1.06,30.0,3028.0
Belarus,5.4,14.4,1.021,0.803,16.1,12327.0,0.156609375,5.718907832999999,0.5,74.2,0.144,4,18.2,54.5,0.7959999999999999,0.15,94.0,103.0,99.0,106.0,1.03,0.58,29.3,1778.0
Belgium,9.1,10.5,0.978,0.881,16.7,32416.0,0.001,6.904219151,43228.0,90.0,0.073,7,8.2,48.2,0.8959999999999999,0.64,99.0,118.0,105.0,175.0,0.96,0.85,34.4,1489.6
Belize,2.0,6.8,0.967,0.693,13.0,5360.0,0.156609375,4.778841456278482,10.0,65.9,0.375,28,65.9,56.3,0.706,0.0,87.0,51.0,109.0,82.0,1.55,2.61,26.7,1915.9
Benin,8.4,1.1,0.858,0.461,10.5,1673.0,0.34299999999999997,3.6246643069999998,1.0,24.5,0.613,405,83.2,70.0,0.485,0.02,14.0,21.0,120.0,44.0,1.56,1.33,24.0,2345.1
Bhutan,9.9,0.4,0.9,0.573,12.6,5657.0,0.156609375,5.082128525,2.400000095,84.6,0.477,148,21.4,58.7,0.607,0.0,63.0,18.0,103.0,87.0,1.08,1.6,27.3,2689.0
Bolivia,14.4,3.8,0.934,0.65,13.5,4695.0,0.156609375,5.834329127999999,3.099999905,42.8,0.446,206,70.8,63.9,0.674,0.09,53.0,63.0,112.0,84.0,1.2,1.55,30.0,2288.9
Bosnia and Herzegovina,1.9,4.6,0.923,0.721,14.8,6950.0,0.006,5.1171779630000005,26.29999924,21.9,0.158,11,8.6,34.4,0.75,0.16,95.0,14.0,100.0,90.0,1.01,1.12,30.6,1769.4
Botswana,6.2,5.4,0.984,0.693,12.8,13278.0,0.156609375,3.761964798,16.79999924,45.0,0.435,129,32.3,73.4,0.698,0.1,60.0,18.0,107.0,86.0,1.16,1.34,25.7,3371.0
Brazil,2.7,7.2,1.005,0.754,15.7,10672.0,0.01,6.546896935,43228.0,89.3,0.414,44,67.0,56.3,0.754,0.11,86.0,86.0,107.0,106.0,1.26,1.65,31.4,2305.9
Bulgaria,4.8,10.3,0.984,0.789,15.3,12979.0,0.02,4.865401268,9.100000381000001,70.0,0.223,11,37.7,48.6,0.794,0.16,86.0,83.0,99.0,99.0,1.03,0.82,29.9,2190.0
Burkina Faso,10.1,4.3,0.874,0.375,7.3,1278.0,0.156609375,4.418930054,3.299999952,45.0,0.615,371,108.5,76.6,0.402,0.0,23.0,4.0,85.0,28.0,0.83,0.57,23.2,3136.0
Burundi,6.3,6.3,0.919,0.388,10.2,632.0,0.156609375,4.778841456278482,43221.0,39.3,0.474,712,28.3,84.6,0.40399999999999997,0.01,50.0,7.0,128.0,35.0,1.07,1.5,24.6,2373.4
Cabo Verde,7.0,4.0,0.854,0.665,13.9,4030.0,0.156609375,4.778841456278482,10.39999962,24.2,0.672,42,73.4,53.2,0.648,0.0,65.0,70.0,110.0,99.0,1.33,1.36,28.3,2552.0
Cambodia,8.5,2.2,0.892,0.529,10.1,2650.0,0.15,4.162164688,0.10000000099999999,56.4,0.479,161,51.6,75.5,0.563,0.0,49.0,18.0,113.0,94.0,0.79,0.63,26.0,2524.5
Cameroon,8.5,5.8,0.853,0.474,9.6,2340.0,0.26,5.037964821,4.099999905,40.1,0.568,596,104.6,71.0,0.518,0.01,39.0,35.0,107.0,52.0,1.2,1.42,24.1,2699.2
Canada,5.6,8.2,0.983,0.911,16.8,33288.0,0.001,7.412772655,6.900000095,96.0,0.098,7,9.8,61.0,0.92,0.13,99.0,73.0,101.0,110.0,0.88,0.84,35.2,2051.0
Chad,7.9,0.4,0.765,0.34,5.8,1581.0,0.156609375,4.3226752280000005,5.6999998089999995,17.5,0.695,856,133.5,64.0,0.396,0.0,10.0,1.0,88.0,14.0,1.21,1.48,23.5,3205.5
Chile,3.3,7.6,0.966,0.829,16.6,14955.0,0.1,6.532749653,6.1999998089999995,86.5,0.322,22,47.8,50.7,0.847,0.02,100.0,126.0,99.0,101.0,1.19,1.29,36.0,2807.9
China,9.5,5.0,0.954,0.718,13.7,10705.0,0.023,5.303877831,43224.0,86.5,0.164,27,7.3,63.6,0.738,0.06,75.0,82.0,104.0,95.0,0.94,0.79,29.5,2445.4
Colombia,2.1,4.2,1.004,0.731,14.5,10215.0,0.156609375,6.387571812000001,9.0,86.5,0.393,64,50.2,57.9,0.727,0.16,84.0,55.0,112.0,103.0,1.28,1.72,31.1,2021.9
Comoros,8.0,0.1,0.817,0.437,10.9,715.0,0.165,4.778841456278482,19.70000076,27.8,0.595,335,68.3,35.3,0.498,0.0,34.0,24.0,102.0,60.0,1.02,1.34,24.8,2612.0
Congo,6.1,1.7,0.932,0.568,11.0,4731.0,0.192,4.6908302310000005,10.0,38.5,0.592,442,117.7,67.1,0.5920000000000001,0.0,15.0,14.0,115.0,51.0,1.08,1.2,26.4,1698.7
Costa Rica,2.0,4.4,0.969,0.762,14.5,9955.0,0.05,6.8540043829999995,9.600000381000001,89.1,0.308,25,56.5,46.8,0.7759999999999999,0.04,97.0,53.0,110.0,124.0,1.15,1.44,33.9,2257.8
Cote d'Ivoire,14.4,4.0,0.814,0.421,7.8,2136.0,0.156609375,4.445038795,9.399999618999999,31.1,0.672,645,135.5,52.4,0.474,0.01,30.0,7.0,84.0,33.0,1.24,1.27,21.2,2152.0
Croatia,5.7,10.2,0.997,0.827,16.0,16932.0,0.001,5.205438137,16.29999924,82.0,0.141,8,9.5,46.4,0.8270000000000001,0.16,97.0,61.0,99.0,101.0,0.99,1.01,31.8,2196.25
Cyprus,1.0,8.2,0.979,0.846,14.7,23450.0,0.05,5.439161301,14.89999962,84.0,0.116,7,5.0,57.5,0.856,0.11,99.0,77.0,100.0,99.0,0.91,0.89,33.1,3313.8
Denmark,4.7,10.4,0.97,0.91,20.0,36857.0,0.01,7.5144248010000005,6.1999998089999995,97.4,0.041,6,4.0,58.0,0.925,0.18,100.0,97.0,101.0,132.0,0.95,1.04,33.1,1539.0
Djibouti,6.5,1.1,0.765,0.34,5.8,1981.0,0.156609375,4.778841456278482,6.0,59.4,0.477,229,21.5,36.5,0.473,0.02,51.0,4.0,62.0,42.0,1.35,1.86,25.8,3266.6
Dominican Republic,2.6,6.2,0.99,0.717,13.7,9281.0,0.025,5.061862468999999,43234.0,84.1,0.47,92,97.9,52.3,0.722,0.01,83.0,45.0,96.0,82.0,1.43,2.46,31.4,2873.675
Ecuador,3.7,4.2,0.976,0.73,14.4,8278.0,0.015,5.964075089,4.8000001910000005,80.7,0.391,64,75.9,49.0,0.7390000000000001,0.04,86.0,62.0,113.0,106.0,1.31,1.61,32.6,1731.0
Egypt,1.8,0.2,0.884,0.64,13.0,4750.0,0.016,4.7625384330000005,12.80000019,80.0,0.565,33,51.9,22.8,0.691,0.04,93.0,30.0,104.0,86.0,1.3,3.03,26.7,3560.6
El Salvador,4.4,2.2,0.958,0.663,13.0,5386.0,0.156609375,6.018496037,7.0,81.9,0.384,54,65.2,49.1,0.68,0.02,91.0,73.0,110.0,81.0,0.98,0.58,31.1,2957.0
Equatorial Guinea,13.2,5.8,0.853,0.474,16.0,17462.0,0.156609375,4.778841456278482,5.8000001910000005,20.5,0.595,342,108.7,71.3,0.5920000000000001,0.02,75.0,68.0,84.0,81.0,1.1,1.11,25.1,1177.0
Estonia,4.8,9.5,1.032,0.878,17.3,21976.0,0.01,5.628908634,6.1999998089999995,72.0,0.131,9,13.1,55.4,0.865,0.37,100.0,87.0,100.0,108.0,0.95,0.97,32.7,1761.0
Estonia,4.8,9.5,1.032,0.878,17.3,21976.0,0.01,5.628908634,6.1999998089999995,72.0,0.131,9,14.6,56.9,0.865,0.37,100.0,87.0,100.0,108.0,0.95,0.97,32.7,1761.0
Ethiopia,5.6,0.7,0.842,0.408,7.9,1161.0,0.537,4.573154926,5.0,59.4,0.499,353,58.4,77.0,0.44799999999999995,0.0,7.0,24.0,96.0,35.0,1.61,2.71,26.3,2750.0
Fiji,4.3,2.0,0.958,0.663,13.0,4695.0,0.156609375,4.778841456278482,8.899999618999999,56.0,0.358,30,44.8,37.0,0.736,0.12,96.0,97.0,106.0,93.0,1.23,1.78,26.8,2122.4
Finland,7.2,10.0,1.0,0.895,17.6,32069.0,0.01,7.447925568,9.399999618999999,96.0,0.056,3,6.5,55.0,0.895,0.04,99.0,79.0,101.0,152.0,0.87,0.86,34.7,1662.7
France,5.9,11.8,0.988,0.892,16.6,31742.0,0.01,6.357625007999999,10.39999962,98.0,0.102,8,8.9,50.7,0.897,0.6,99.0,109.0,105.0,111.0,0.98,0.93,36.2,2047.3
Gabon,7.0,8.9,0.923,0.669,12.5,15838.0,0.073,4.66101265,20.0,33.7,0.542,291,99.9,39.9,0.6970000000000001,0.07,41.0,38.0,140.0,56.0,1.16,2.0,26.9,1443.3
Gambia,7.7,2.4,0.878,0.425,8.7,1296.0,0.289,4.778841456278482,29.70000076,23.9,0.641,706,113.0,72.2,0.452,0.06,42.0,35.0,88.0,56.0,1.15,1.77,23.7,3070.0
Georgia,1.5,5.4,0.97,0.754,14.1,6105.0,0.156609375,4.1219406130000005,12.0,74.0,0.361,36,39.7,57.3,0.769,0.14,85.0,27.0,118.0,100.0,1.04,0.76,30.6,1986.5
Germany,4.5,11.3,0.964,0.908,16.9,35878.0,0.01,7.037137508,4.599999905,98.0,0.066,6,6.7,54.5,0.9259999999999999,0.33,99.0,110.0,103.0,100.0,0.92,0.83,34.3,1640.2
Ghana,3.9,1.8,0.899,0.545,11.1,3200.0,0.147,3.9859161380000003,5.099999905,46.2,0.547,319,66.8,75.5,0.579,0.02,14.0,122.0,110.0,69.0,1.12,1.14,23.9,2432.0
Guatemala,1.5,2.2,0.959,0.624,10.5,5132.0,0.156609375,6.464986801,2.400000095,65.6,0.494,88,80.7,41.3,0.64,0.02,67.0,66.0,102.0,62.0,1.2,1.26,30.7,1356.0
Guinea,7.5,0.2,0.784,0.364,7.5,848.0,0.425,3.504693508,6.3000001910000005,21.5,0.595,679,140.6,79.5,0.414,0.0,22.0,15.0,84.0,31.0,0.69,0.34,23.0,2536.0
Guinea-Bissau,5.8,2.5,0.842,0.428,8.0,1139.0,0.156609375,4.778841456278482,6.099999905,37.6,0.595,549,89.5,67.2,0.424,0.0,21.0,7.0,110.0,31.0,1.08,1.2,23.2,2707.0
Guyana,15.5,7.1,0.943,0.615,10.5,4346.0,0.156609375,4.778841456278482,11.69999981,52.5,0.508,229,88.0,41.8,0.638,0.13,86.0,93.0,84.0,89.0,1.22,1.7,24.4,2460.6
Haiti,6.0,5.9,0.853,0.474,9.6,1370.0,0.242,3.569762468,14.10000038,44.0,0.593,359,39.3,61.5,0.493,0.02,31.0,48.0,108.0,74.0,1.18,1.33,26.5,3115.0
Honduras,2.6,3.0,0.942,0.6,11.6,2680.0,0.098,4.845436573,7.400000095,76.0,0.461,129,65.0,47.2,0.625,0.03,80.0,48.0,108.0,74.0,1.3,1.48,31.8,2751.4
Hungary,6.9,11.3,0.988,0.83,16.0,17787.0,0.01,5.34438324,6.8000001910000005,86.0,0.252,17,18.0,46.4,0.836,0.03,98.0,83.0,101.0,107.0,0.95,1.1,30.4,1988.0
Iceland,6.3,6.6,0.965,0.905,20.1,30530.0,0.05,7.498070717,4.0,86.0,0.051,3,6.1,70.7,0.9209999999999999,0.2,99.0,97.0,99.0,111.0,0.82,1.1,34.8,1268.4
India,14.2,2.2,0.819,0.549,11.9,2184.0,0.156609375,4.342079163,43223.0,72.0,0.53,174,24.5,26.8,0.624,0.0,44.0,9.0,117.0,69.0,1.01,1.14,26.6,2684.6
Iran,2.9,0.0,0.862,0.7,14.6,5132.0,0.052000000000000005,4.749955654,11.10000038,68.6,0.509,25,26.7,16.2,0.774,0.05,88.0,42.0,112.0,88.0,1.17,2.04,28.8,2994.6
Iraq,3.5,0.2,0.804,0.569,9.7,3552.0,0.052000000000000005,4.493377209,15.0,59.3,0.525,50,84.0,15.1,0.649,0.01,86.0,42.0,112.0,88.0,1.14,1.81,26.9,3240.8
Ireland,4.2,11.4,0.976,0.909,18.6,33497.0,0.01,6.830125332000001,9.399999618999999,76.0,0.127,8,10.4,52.4,0.9229999999999999,0.78,92.0,110.0,103.0,127.0,0.9,0.76,34.0,1453.0
Israel,2.3,2.5,0.973,0.884,16.5,23323.0,0.01,7.07941103,5.3000001910000005,86.0,0.103,5,9.7,58.9,0.899,0.19,100.0,111.0,104.0,103.0,1.05,1.01,35.0,3397.4
Italy,2.2,6.5,0.963,0.865,16.7,22910.0,0.01,5.847683907,11.89999962,94.0,0.085,4,6.0,39.3,0.887,0.0,99.0,99.0,101.0,101.0,1.07,1.12,36.2,2471.6
Jamaica,0.3,3.4,0.975,0.719,13.1,6628.0,0.011000000000000001,4.778841456278482,43233.0,82.9,0.422,89,59.7,57.7,0.73,0.29,85.0,108.0,113.0,72.0,1.28,1.8,32.1,3002.0
Japan,9.2,7.0,0.97,0.887,15.2,25385.0,0.01,5.879684448,3.400000095,94.0,0.116,5,4.1,49.1,0.903,0.84,100.0,110.0,101.0,102.0,0.99,0.89,37.7,1849.0
Jordan,2.4,0.5,0.864,0.67,13.4,3203.0,0.004,5.404593468,13.10000038,58.0,0.478,58,23.2,14.2,0.742,0.03,97.0,31.0,88.0,86.0,1.19,2.13,28.8,3292.8
Kazakhstan,9.6,6.8,1.006,0.795,15.4,16364.0,0.004,5.949995041,5.0,79.6,0.202,12,27.9,66.1,0.794,0.2,98.0,64.0,111.0,111.0,1.16,1.34,27.5,2199.0
Kenya,4.5,1.8,0.919,0.531,10.8,2357.0,0.166,4.357617855,11.89999962,77.6,0.565,510,90.9,62.1,0.555,0.03,30.0,73.0,112.0,65.0,1.03,1.35,26.3,2929.7
Kuwait,2.1,0.0,0.972,0.769,13.6,35164.0,0.052000000000000005,6.1460318570000005,3.299999952,68.9,0.335,4,9.8,48.4,0.8,0.03,100.0,80.0,103.0,99.0,0.91,0.77,27.3,3000.5
Kyrgyzstan,3.4,2.4,0.967,0.648,13.3,2123.0,0.008,4.9053759569999995,7.599999905,62.1,0.394,76,39.6,49.4,0.664,0.09,97.0,25.0,107.0,91.0,1.14,1.3,28.0,2524.5
Latvia,4.8,10.5,1.025,0.84,16.6,18824.0,0.01,5.880597591,9.899999618999999,74.0,0.191,18,13.6,54.4,0.83,0.27,93.0,90.0,100.0,114.0,1.01,0.79,30.8,1757.0
Lebanon,2.0,1.9,0.893,0.709,13.0,5844.0,0.05,5.171971321,6.1999998089999995,46.0,0.381,15,12.4,23.5,0.763,0.07,95.0,82.0,93.0,68.0,1.07,1.94,32.9,2118.8
Lesotho,8.2,2.8,0.962,0.485,11.2,2631.0,0.156609375,4.778841456278482,26.79999924,76.1,0.549,487,92.7,59.2,0.49700000000000005,0.05,44.0,32.0,106.0,60.0,1.2,1.31,21.6,3202.0
Liberia,4.9,3.1,0.83,0.387,9.3,575.0,0.35600000000000004,2.701591253,3.599999905,37.2,0.649,725,108.8,58.0,0.42700000000000005,0.01,17.0,24.0,92.0,33.0,1.22,0.98,23.7,1662.0
Libya,2.8,0.0,0.95,0.691,13.6,7163.0,0.156609375,5.615404606,43238.0,29.6,0.167,9,6.2,27.8,0.716,0.01,100.0,82.0,92.0,33.0,1.2,1.73,28.3,3169.2
Lithuania,8.1,12.9,1.032,0.861,17.1,22147.0,0.01,5.711378098,9.100000381000001,72.0,0.121,10,11.0,53.9,0.848,0.34,94.0,88.0,103.0,105.0,1.02,0.77,30.9,1784.0
Luxembourg,5.2,11.4,0.966,0.881,14.0,47539.0,0.01,6.701571465,6.6999998089999995,96.0,0.075,10,5.9,52.2,0.898,0.2,98.0,94.0,97.0,104.0,0.85,1.29,34.6,1630.2
Madagascar,3.9,0.8,0.948,0.5,10.2,1091.0,0.156609375,3.592514038,1.7999999519999998,49.6,0.312,353,116.2,83.8,0.512,0.0,10.0,14.0,147.0,38.0,1.13,1.67,25.4,2697.8
Malawi,4.8,1.5,0.921,0.455,10.7,972.0,0.273,3.86763835,6.400000095,74.6,0.614,634,136.2,81.2,0.47600000000000003,0.02,44.0,24.0,148.0,38.0,0.95,1.11,28.3,2809.3
Malaysia,3.4,0.3,0.9,0.573,14.0,17170.0,0.15,6.3221211429999995,3.099999905,42.0,0.291,40,13.6,49.3,0.789,0.01,100.0,96.0,97.0,83.0,1.09,1.17,28.8,2282.3
Maldives,8.9,0.0,0.937,0.676,12.8,7155.0,0.156609375,4.778841456278482,5.099999905,42.7,0.312,68,6.7,57.3,0.701,0.0,96.0,96.0,97.0,83.0,0.93,1.43,29.0,2965.0
Mali,6.7,0.6,0.786,0.385,7.5,1349.0,0.456,4.582098483999999,10.60000038,46.0,0.689,587,174.6,50.1,0.442,0.0,31.0,4.0,73.0,37.0,1.35,1.86,23.0,3213.4
Malta,2.0,6.6,0.923,0.817,14.3,17295.0,0.01,6.61339426,5.400000095,89.0,0.217,9,16.6,38.8,0.856,0.49,100.0,119.0,95.0,81.0,0.85,0.98,33.1,3054.0
Mauritania,5.7,0.0,0.818,0.454,8.4,1608.0,0.29100000000000004,3.922664165,9.899999618999999,30.4,0.626,602,78.6,29.1,0.513,0.03,45.0,4.0,101.0,29.0,1.19,1.22,25.2,3333.0
Mauritius,3.7,2.6,0.954,0.759,15.5,10540.0,0.04,4.778841456278482,7.900000095,41.9,0.38,53,28.5,46.8,0.7809999999999999,0.08,93.0,104.0,104.0,99.0,1.21,2.3,30.6,2771.5
Mexico,2.1,5.5,0.951,0.737,13.5,10710.0,0.024,6.236287117000001,4.3000001910000005,80.9,0.345,38,62.8,45.4,0.762,0.04,89.0,70.0,103.0,93.0,1.07,1.06,32.3,2703.8
Mongolia,9.2,4.9,1.026,0.744,15.5,8809.0,0.156609375,4.982719898,7.400000095,68.3,0.278,44,15.7,56.5,0.735,0.04,59.0,86.0,101.0,92.0,1.06,1.04,27.9,2791.5
Montenegro,5.3,4.9,0.955,0.789,15.7,11757.0,0.002,5.124921322,43237.0,34.1,0.156,7,12.2,42.0,0.807,0.48,96.0,54.0,93.0,90.0,1.0,1.11,29.9,2433.3
Morocco,3.5,0.5,0.826,0.579,11.5,3388.0,0.069,5.163156986000001,9.699999809,74.8,0.494,121,31.7,25.3,0.647,0.03,83.0,53.0,113.0,64.0,0.98,1.05,28.4,2978.5
Mozambique,6.7,1.3,0.879,0.391,8.6,1016.0,0.39,4.549767494,25.29999924,50.4,0.574,489,139.7,82.5,0.418,0.01,24.0,50.0,100.0,24.0,0.98,1.18,25.1,2838.0
Myanmar,3.3,0.1,0.924,0.56,10.4,4182.0,0.08,4.2238464360000005,0.800000012,75.0,0.374,178,16.5,75.1,0.556,0.0,65.0,24.0,98.0,52.0,1.1,1.17,25.5,3011.25
Namibia,5.5,6.8,0.986,0.635,11.8,7971.0,0.205,4.778841456278482,19.60000038,75.1,0.474,265,76.8,55.7,0.64,0.0,34.0,22.0,110.0,41.0,1.11,1.22,26.1,2731.0
Nepal,6.2,0.2,0.925,0.538,12.7,1979.0,0.11599999999999999,4.812436581,3.200000048,56.1,0.497,258,71.9,79.7,0.5579999999999999,0.0,46.0,84.0,141.0,70.0,0.81,0.81,26.3,2556.0
Netherlands,6.0,9.4,0.946,0.895,18.2,30117.0,0.01,7.324437141000001,6.900000095,96.0,0.044,7,4.0,57.5,0.924,0.56,98.0,95.0,104.0,130.0,1.07,0.91,34.4,1536.2
New Zealand,6.3,9.3,0.963,0.896,20.0,24413.0,0.01,7.418120861,5.400000095,96.0,0.158,11,23.6,62.4,0.915,0.0,100.0,93.0,98.0,121.0,1.02,1.27,34.9,2058.7
Nicaragua,4.2,3.5,0.961,0.629,11.9,3150.0,0.08800000000000001,5.924112797,5.8000001910000005,89.8,0.462,150,88.8,49.1,0.645,0.02,76.0,59.0,123.0,79.0,1.14,1.04,31.8,2427.9
Niger,5.5,0.1,0.732,0.291,4.7,481.0,0.584,3.6714537139999996,2.400000095,45.4,0.695,553,202.4,40.2,0.353,0.0,13.0,7.0,65.0,16.0,0.8,0.71,24.5,3321.5
Nigeria,9.9,9.1,0.847,0.482,9.2,4132.0,0.27899999999999997,4.932914734,4.3000001910000005,26.3,0.695,814,110.6,48.4,0.527,0.01,33.0,13.0,81.0,41.0,1.27,1.25,21.2,2555.8
Norway,5.7,6.7,0.993,0.944,18.3,59800.0,0.01,7.603433609,4.3000001910000005,96.0,0.053,5,5.9,61.2,0.9490000000000001,0.39,98.0,98.0,100.0,111.0,0.87,0.84,34.5,1186.0
Oman,1.3,0.7,0.927,0.755,13.9,15703.0,0.052000000000000005,4.778841456278482,16.10000038,39.6,0.281,17,8.1,30.0,0.7959999999999999,0.03,99.0,55.0,115.0,98.0,1.22,2.78,30.8,3273.4
Pakistan,2.4,0.0,0.742,0.452,7.4,1498.0,0.237,4.823194981,5.900000095,47.0,0.546,178,38.7,24.3,0.55,0.0,58.0,66.0,86.0,37.0,1.12,2.16,26.2,3066.6
Panama,1.1,7.2,0.997,0.783,13.2,14550.0,0.052000000000000005,6.605550289,43224.0,75.9,0.457,94,74.5,50.5,0.7879999999999999,0.0,77.0,72.0,104.0,78.0,1.14,1.56,34.1,1743.5
Paraguay,6.1,7.3,0.966,0.679,12.6,6138.0,0.052000000000000005,5.559724331,5.3000001910000005,82.6,0.464,132,57.4,58.1,0.693,0.02,91.0,38.0,104.0,79.0,1.27,1.62,30.4,2803.0
Peru,2.9,6.1,0.959,0.723,13.5,8939.0,0.043,5.577263355,6.400000095,66.1,0.385,68,49.1,65.7,0.74,0.01,77.0,88.0,101.0,96.0,1.04,1.25,31.2,3333.3
Philippines,1.9,4.6,1.001,0.682,12.1,6845.0,0.033,5.547489166,6.3000001910000005,51.5,0.436,114,61.7,50.5,0.682,0.0,75.0,77.0,117.0,93.0,1.07,0.92,26.4,2103.1
Poland,4.9,10.9,1.006,0.857,17.2,18928.0,0.01,6.007021904,43227.0,92.0,0.137,3,13.4,49.1,0.855,0.14,98.0,77.0,101.0,107.0,1.02,1.06,32.6,1557.0
Portugal,3.7,11.0,0.98,0.833,16.5,21095.0,0.01,5.080866337,12.39999962,94.0,0.091,10,9.9,53.6,0.843,0.06,99.0,90.0,106.0,115.0,1.12,1.12,34.8,2687.0
Qatar,1.2,0.9,0.991,0.851,13.5,50324.0,0.052000000000000005,6.3745293620000005,0.200000003,68.9,0.542,13,10.7,53.6,0.856,0.07,100.0,58.0,99.0,103.0,2.13,13.26,31.1,3432.9
Moldova,3.9,6.3,1.01,0.702,12.1,4461.0,0.004,6.0174722670000005,4.900000095,60.4,0.232,23,22.6,38.8,0.6990000000000001,0.08,78.0,83.0,93.0,88.0,0.83,0.67,27.9,2126.0
Romania,2.5,10.4,0.99,0.796,15.1,16272.0,0.01,5.777491092999999,6.8000001910000005,79.0,0.339,31,34.6,47.6,0.802,0.18,82.0,91.0,95.0,94.0,1.02,0.74,30.3,2111.2
Russian Federation,5.6,11.5,1.016,0.809,15.3,17868.0,0.15,5.995538712,5.599999905,68.0,0.271,25,23.4,56.6,0.804,0.26,89.0,83.0,99.0,100.0,1.05,0.88,29.0,1693.0
Rwanda,3.5,6.8,0.992,0.491,11.4,1428.0,0.254,3.483108997,3.400000095,65.9,0.383,290,26.3,86.4,0.498,0.01,62.0,15.0,135.0,41.0,1.07,1.06,26.5,1795.0
Saint Lucia,1.6,10.1,0.986,0.729,13.4,8033.0,0.003,4.778841456278482,24.10000038,72.4,0.354,48,53.9,63.1,0.735,0.57,91.0,67.0,103.0,86.0,1.39,1.77,31.3,2920.0
Samoa,2.8,2.6,0.967,0.693,13.3,3444.0,0.15,4.778841456278482,8.800000191,39.4,0.439,51,25.0,23.1,0.7040000000000001,0.03,97.0,39.0,106.0,92.0,1.14,1.3,29.9,2575.0
Sao Tome and Principe,1.7,4.2,0.907,0.542,12.2,2000.0,0.156609375,4.778841456278482,13.39999962,50.3,0.524,156,84.3,45.3,0.574,0.6,40.0,54.0,111.0,89.0,1.13,1.35,27.0,1671.0
Saudi Arabia,2.2,0.1,0.882,0.779,15.3,19300.0,0.052000000000000005,6.3454918860000005,5.599999905,68.9,0.257,12,8.8,20.1,0.847,0.08,100.0,18.0,108.0,94.0,1.36,6.89,28.5,2929.4
Senegal,5.2,0.3,0.886,0.464,9.2,1706.0,0.278,4.61700058,10.39999962,47.4,0.521,315,78.6,45.0,0.494,0.04,48.0,16.0,84.0,38.0,1.35,1.73,25.7,2993.9
Serbia,5.5,9.6,0.969,0.763,14.8,9600.0,0.002,5.317685127,17.70000076,25.1,0.185,17,19.0,43.4,0.7759999999999999,0.05,95.0,59.0,101.0,95.0,1.04,1.12,29.5,2111.9
Sierra Leone,14.7,6.7,0.871,0.392,9.1,1354.0,0.41100000000000003,4.908617973,43222.0,37.5,0.65,1 360,118.2,65.0,0.42,0.02,15.0,10.0,130.0,40.0,0.7,0.47,19.6,2083.8
Singapore,5.5,1.5,0.985,0.913,15.5,60787.0,0.001,6.619524956,1.7000000480000002,90.0,0.068,10,3.8,58.2,0.925,0.02,100.0,108.0,110.0,99.0,1.32,1.13,36.7,2022.4
Slovakia,2.5,11.4,0.991,0.838,15.5,20173.0,0.01,6.162004471,43231.0,86.0,0.179,6,20.2,51.4,0.845,0.17,99.0,91.0,100.0,92.0,0.98,1.26,31.3,1779.1
Slovenia,6.0,10.6,1.003,0.89,18.1,25654.0,0.01,5.740642071,9.0,86.0,0.053,9,3.8,52.2,0.89,0.3,99.0,92.0,99.0,111.0,0.9,1.25,34.3,1712.1
Solomon Islands,5.0,1.2,0.737,0.4,9.1,1061.0,0.052000000000000005,4.778841456278482,31.29999924,38.0,0.467,114,48.4,61.1,0.515,0.19,31.0,98.0,112.0,47.0,1.0,1.03,25.9,2190.0
South Africa,5.1,8.2,0.962,0.651,13.6,8795.0,0.040999999999999995,4.887325764,25.20000076,77.9,0.394,138,45.5,46.2,0.6659999999999999,0.12,73.0,76.0,97.0,104.0,1.07,1.18,24.5,3094.0
Spain,2.9,10.0,0.974,0.87,18.0,24382.0,0.001,6.380663395,22.10000038,96.0,0.081,5,8.4,52.3,0.884,0.19,100.0,98.0,105.0,130.0,0.99,1.15,36.1,2680.0
Sri Lanka,13.3,2.2,0.934,0.734,14.3,6067.0,0.05,4.611606598,4.6999998089999995,74.1,0.386,30,14.8,30.2,0.7659999999999999,0.0,94.0,95.0,100.0,102.0,1.32,2.37,30.5,2621.3
Sudan,6.3,1.7,0.839,0.441,7.0,1902.0,0.156609375,4.778841456278482,13.0,30.2,0.575,311,74.0,24.3,0.49,0.0,35.0,35.0,67.0,41.0,1.2,1.7,26.2,3559.6
Suriname,12.6,5.6,0.972,0.709,13.0,10501.0,0.156609375,4.778841456278482,7.3000001910000005,73.2,0.448,155,46.1,40.5,0.725,0.19,79.0,96.0,118.0,89.0,1.61,2.79,28.5,2555.0
Sweden,7.6,7.2,0.997,0.909,16.6,40328.0,0.001,7.28892231,7.400000095,96.0,0.048,4,5.7,60.9,0.9129999999999999,0.0,99.0,95.0,124.0,142.0,0.94,0.97,34.8,1771.0
Switzerland,6.0,10.2,0.974,0.926,16.0,46798.0,0.001,7.572136878999999,43224.0,99.0,0.04,5,2.9,62.7,0.9390000000000001,0.79,100.0,104.0,103.0,98.0,0.96,1.06,35.9,1792.0
Syria,1.2,1.0,0.851,0.475,8.9,835.0,0.156609375,3.46191287,14.60000038,53.3,0.554,68,39.4,12.2,0.536,0.02,93.0,6.0,79.0,51.0,1.25,3.27,29.7,3071.3
Tajikistan,2.5,0.3,0.93,0.604,10.6,2100.0,0.031,5.124210835,10.80000019,50.8,0.322,32,38.1,59.4,0.627,0.21,95.0,10.0,98.0,83.0,0.9,0.85,29.1,2699.0
Thailand,7.7,6.4,1.001,0.74,14.1,12938.0,0.156609375,6.201762676,1.0,89.2,0.366,20,44.6,62.9,0.74,0.03,95.0,73.0,104.0,89.0,1.12,0.91,31.1,2719.6
Macedonia,3.1,3.9,0.947,0.725,13.0,9050.0,0.006999999999999999,4.975589752,26.10000038,22.3,0.16,8,17.6,43.9,0.748,0.2,91.0,29.0,85.0,81.0,0.96,0.93,29.2,2334.9
Togo,8.7,1.3,0.841,0.444,10.8,1116.0,0.242,3.768301964,6.1999998089999995,32.1,0.556,368,92.0,81.1,0.48700000000000004,0.01,14.0,15.0,121.0,87.0,1.1,1.21,23.1,2371.6
Tonga,3.3,1.1,0.969,0.707,14.6,3959.0,0.15,4.778841456278482,5.099999905,47.9,0.659,124,15.2,52.8,0.721,0.96,93.0,38.0,107.0,94.0,1.2,2.07,29.3,2785.0
Trinidad and Tobago,4.5,6.4,1.004,0.786,14.3,21104.0,0.156609375,4.778841456278482,3.400000095,58.2,0.324,63,31.5,52.6,0.78,0.07,92.0,72.0,104.0,103.0,1.26,1.41,28.5,2610.4
Tunisia,4.1,1.3,0.904,0.68,15.1,4662.0,0.006,5.131611824,15.19999981,73.2,0.289,62,6.8,25.1,0.725,0.01,93.0,43.0,111.0,94.0,1.02,1.52,30.1,3185.2
Turkey,4.7,1.4,0.908,0.724,14.0,10648.0,0.01,5.514465332,10.19999981,59.7,0.328,16,27.6,30.4,0.767,0.01,96.0,27.0,107.0,99.0,1.13,1.33,31.7,2449.6
Turkmenistan,5.2,2.2,0.946,0.672,10.6,9359.0,0.156609375,5.791460037,8.800000191,75.6,0.278,42,16.4,47.3,0.6920000000000001,0.12,97.0,62.0,89.0,84.0,1.04,0.99,26.8,2891.4
Uganda,7.6,8.3,0.878,0.459,9.9,1266.0,0.359,4.237686634,1.899999976,49.9,0.522,343,111.9,82.3,0.493,0.0,19.0,11.0,111.0,26.0,1.04,1.31,25.5,2210.0
Ukraine,6.2,8.9,1.0,0.741,15.5,5791.0,0.001,3.9645428660000004,9.100000381000001,68.0,0.284,24,24.1,52.2,0.743,0.19,96.0,103.0,105.0,98.0,0.95,0.71,28.7,1955.0
United Arab Emirates,0.9,2.8,0.972,0.815,13.9,27257.0,0.052000000000000005,6.568397522000001,4.0,68.9,0.232,6,29.7,41.9,0.84,0.02,100.0,92.0,107.0,94.0,1.21,3.13,29.6,3506.1
Tanzania,5.8,5.7,0.937,0.512,8.3,2359.0,0.156609375,3.660597324,2.099999905,52.9,0.544,398,118.6,74.0,0.531,0.0,24.0,33.0,87.0,31.0,1.22,1.88,26.9,3105.5
USA,5.8,8.7,0.993,0.915,17.3,42272.0,0.001,6.863946915,5.3000001910000005,96.0,0.203,14,22.6,56.0,0.92,0.25,100.0,72.0,99.0,98.0,0.92,0.96,33.4,2719.6
Uruguay,6.3,6.6,1.017,0.799,16.6,14608.0,0.05,6.628080367999999,43227.0,72.0,0.284,15,56.1,55.4,0.795,0.04,96.0,70.0,108.0,100.0,1.1,1.52,33.2,2471.6
Uzbekistan,5.2,2.4,0.946,0.672,11.8,3891.0,0.156609375,5.972364426,8.800000191,65.0,0.287,36,17.7,48.3,0.701,0.04,100.0,25.0,96.0,95.0,1.05,1.0,28.0,2953.1
Vanuatu,3.3,0.9,0.927,0.556,10.4,2139.0,0.156609375,4.778841456278482,5.3000001910000005,50.7,0.366,78,43.1,61.6,0.597,0.0,53.0,97.0,122.0,59.0,1.06,1.31,27.7,3285.0
Venezuela,1.1,7.7,1.028,0.776,15.4,11579.0,0.15,5.568800448999999,6.8000001910000005,86.0,0.461,95,79.4,51.4,0.767,0.12,95.0,73.0,100.0,95.0,1.16,1.2,31.1,2617.5
Vietnam,3.4,2.0,1.01,0.687,12.9,4834.0,0.016,5.076315403,2.099999905,69.7,0.337,54,38.6,73.8,0.6829999999999999,0.04,78.0,80.0,109.0,93.0,1.1,1.07,33.6,1466.1
Yemen,6.2,0.1,0.737,0.4,7.6,1045.0,0.2,2.982673883,16.70000076,46.9,0.767,385,61.5,25.8,0.48200000000000004,0.02,60.0,1.0,89.0,40.0,1.17,2.07,24.9,3756.0
Zambia,5.0,2.5,0.924,0.555,12.1,2803.0,0.264,4.843164444,7.6999998089999995,63.8,0.526,224,90.4,69.8,0.579,0.01,31.0,2.0,104.0,74.0,0.96,1.02,26.1,2809.1
Zimbabwe,10.3,4.7,0.927,0.496,10.2,1360.0,0.128,3.70319128,5.099999905,85.2,0.54,443,109.7,77.8,0.516,0.03,39.0,43.0,99.0,47.0,1.12,1.37,24.7,3010.9
